seed,comparison,metric,iterations,bootstrap_mean_difference,ci95_low,ci95_high,includes_zero,direction
2026,fine_direct_minus_material_direct,ap50,2000,-0.04396302167952113,-0.0993174256338879,0.0038604973303863932,True,negative
2026,fine_direct_minus_material_direct,map50_95,2000,-0.019176994996395195,-0.06060736890797822,0.016834068136788383,True,negative
2026,fine_direct_minus_material_direct,f1,2000,-0.0625217439904764,-0.1296602249025347,-0.006982991188612748,False,negative
2026,fine_as_material_minus_fine_direct,ap50,2000,0.05385028239737517,0.008247361800993926,0.11318828495910603,False,positive
2026,fine_as_material_minus_fine_direct,map50_95,2000,0.027851376413265672,-0.008116974785581363,0.07290338086990332,True,positive
2026,fine_as_material_minus_fine_direct,f1,2000,0.09638737913442313,0.034963654373801084,0.1728189043872341,False,positive
2026,fine_as_binary_minus_fine_direct,ap50,2000,0.32718680198209815,0.2718996762885367,0.3829829089852873,False,positive
2026,fine_as_binary_minus_fine_direct,map50_95,2000,0.2121953188774067,0.16798386731338064,0.25870612318409714,False,positive
2026,fine_as_binary_minus_fine_direct,f1,2000,0.3074206505438727,0.2558906734933913,0.3586679495580555,False,positive
