seed,taxonomy,precision,recall,f1,map50,map50_95
42,fine,0.1848090313051541,0.1509133591023945,0.15120677329618193,0.09569141631710504,0.07659534649595708
42,material,0.23965444008111528,0.19636483582522835,0.20814579266277666,0.13146656148270805,0.09375905647982384
42,binary,0.74364896073903,0.5054945054945055,0.6018691588785047,0.5677451374290396,0.40194244550409153
123,fine,0.2872052746145724,0.17080327637683632,0.1819693389145475,0.10915310442973498,0.08544506812377557
123,material,0.39851060814095834,0.24442880464268676,0.28154621230639554,0.18373905786139647,0.14054957134144871
123,binary,0.7377049180327869,0.4945054945054945,0.5921052631578947,0.5682093533571194,0.40310833194908086
2026,fine,0.23991471902889405,0.17934560479726538,0.17048170759596512,0.10459738722810863,0.08344684693747244
2026,material,0.26538835284433876,0.21994371773391994,0.2354359988204767,0.15164007598150483,0.10664104271014319
2026,binary,0.8121546961325967,0.46153846153846156,0.5885885885885886,0.5611119162188403,0.4035949069416268
