seed,frequency_group,num_classes,mean_train_instances,mean_ap50,mean_map50_95,mean_recall
42,Rare,28,5.107142857142857,0.05635608203677512,0.05320014144271572,0.03809523809523809
42,Medium,22,43.86363636363637,0.07282504272362383,0.06086387416870493,0.1426305021400715
42,Frequent,10,225.1,0.20893397307129144,0.14863691370109783,0.3039303523166696
123,Rare,28,5.107142857142857,0.04149354667609617,0.04000176803394624,0.02619047619047619
123,Medium,22,43.86363636363637,0.10676770329939593,0.0807187412275361,0.21550998841668695
123,Frequent,10,225.1,0.22265627932230295,0.16855226743922916,0.2724004187587694
2026,Rare,28,5.107142857142857,0.03993399339933992,0.037797029702970296,0.02619047619047619
2026,Medium,22,43.86363636363637,0.1135011217462805,0.09072504288596274,0.23516599694829354
2026,Frequent,10,225.1,0.18847060141416025,0.14047452342599706,0.2701603764072945
